Target_Raise,Total_Invested_Raised,Pre_Issue_Market_Cap,Success,Strength
400000,150000,10000000,0,1
50000,0,0,0,1
1500000,485822,5000000,0,1
100000,0,666000,0,1
10000,0,0,0,1
750000,0,1950000,0,1
10000,0,0,0,1
500000,0,5000000,0,1
100000,0,0,0,1
700000,0,5000000,0,1
2000000,400000,4000000,0,1
250000,0,0,0,1
10000000,0,0,0,1
800000,0,0,0,1
750000,0,5200000,0,1
65000,0,0,0,1
1000000,0,0,0,1
1000000,0,0,0,1
3000000,0,0,0,1
250000,0,0,0,1
363000,0,1,0,1
1000000,2090600,0,1,1
500000,0,1500000,0,1
250000,0,0,0,1
200000,0,250000,0,1
500000,0,0,0,1
500000,0,6000000,0,1
150000,0,2500000,0,1
1000000,0,0,0,1
600000,0,0,0,1
2000000,0,5000000,0,1
500000,0,0,0,1
100000,0,500000,0,1
250000,0,0,0,1
500000,481600,3500000,0,1
250000,0,4000000,0,1
250000,0,0,0,1
650000,0,0,0,1
100000,0,0,0,1
1000000,0,5000000,0,1
275000,0,0,0,1
800000,25000,8000000,0,1
500000,0,4000000,0,1
800000,0,3200000,0,1
650000,0,0,0,1
250000,0,1250000,0,1
350000,0,1600000,0,1
500000,0,0,0,1
1000000,62100,0,0,1
1000000,0,0,0,1
500000,0,1670000,0,1
500000,0,0,0,1
15000,0,0,0,1
950000,0,5500000,0,1
750000,0,1450000,0,1
1500000,0,0,0,1
500000,0,1000000,0,1
300000,0,1000000,0,1
5000000,0,2500000,0,1
150000,0,1000000,0,1
500000,0,0,0,1
1000000,0,0,0,1
500000,0,9500000,0,1
500000,0,6000000,0,1
100000,0,20000,0,1
400000,400000,2000000,0,1
100000,0,2000000,0,1
750000,0,3000000,0,1
500000,0,10000000,0,1
75000,0,450000,0,1
100000000,0,400000000,0,1
180000,0,900000,0,1
700000,0,5000000,0,1
250000,0,0,0,1
350000,0,2500000,0,1
250000,0,2000000,0,1
500000,0,5000000,0,1
300000,0,0,0,1
400000,50000,5000000,0,1
1000000,0,3500000,0,1
200000,0,0,0,1
1200000,0,0,0,1
250000,0,0,0,1
750000,0,4000000,0,1
150000,0,0,0,1
50000,0,1000000,0,1
1000000,0,6000000,0,1
100000,0,2500000,0,1
1000000,0,0,0,1
500000,0,0,0,1
1400000,1064166,10000000,0,1
300000,275000,0,0,1
2000000,0,6000000,0,1
150000,50000,1200000,0,1
175000,0,2000000,0,1
500000,160000,3000000,0,1
600000,605000,2800000,1,1
100000,0,1000000,0,1
750000,370000,6000000,0,1
100000,0,1000000,0,1
850000,0,3500000,0,1
1500000,1779500,5000000,1,1
750000,0,3200000,0,1
500000,0,0,0,1
1000000,911000,10000000,0,1
1000000,100000,10000000,0,1
500000,0,3800000,0,1
1000000,25000,0,0,1
1000000,0,0,0,1
1000000,0,0,0,1
500000,0,0,0,1
500000,0,3000000,0,1
750000,160000,9000000,0,1
500000,0,0,0,1
350000,0,1400000,0,1
500000,393570,0,0,1
300000,0,3000000,0,1
20000000,0,0,0,1
1500000,1269500,4800000,0,1
1000000,853000,4000000,0,1
50000,0,0,0,1
1000000,0,0,0,1
300000,125000,5000000,0,1
500000,0,0,0,1
200000,112750,10000000,0,1
250000,0,0,0,1
260000,170000,2500000,0,1
200000,65000,3000000,0,1
350000,0,2,0,1
250000,0,4000000,0,1
500000,0,5000000,0,1
500000,0,4500000,0,1
1500000,0,0,0,1
750000,0,6000000,0,1
700000,0,3500000,0,1
121121,0,300000,0,1
1200000,1252000,0,1,1
500000,0,0,0,1
500000,0,5000000,0,1
1000000,500000,4000000,0,1
2500000,0,0,0,1
150000,0,1000000,0,1
500000,0,3000000,0,1
555000,35000,0,0,1
500000,0,10000000,0,1
350000,100000,5000000,0,1
900000,25000,3750000,0,1
50000000,0,5000000,0,1
400000,0,0,0,1
1000000,1704500,5000000,1,1
1000000,265000,3000000,0,1
200000,0,1500000,0,1
400000,0,1000000,0,1
1500000,50000,0,0,1
100000,0,0,0,1
800000,605000,3000000,0,1
400000,0,4000000,0,1
500000,0,2000000,0,1
250000,0,2000000,0,1
1000000,0,5000000,0,1
200000,0,1500000,0,1
850000,55750,7000000,0,1
500000,0,4000000,0,1
1500000,1508500,10000000,1,1
650000,400000,6500000,0,1
1000000,0,0,0,1
82000,0,0,0,1
500000,0,0,0,1
1600000,2600980,5500000,1,1
1000000,800000,8000000,0,1
750000,0,2200000,0,1
500000,340000,4000000,0,1
3000,0,550000,0,1
500000,0,100000000,0,1
500000,0,0,0,1
500000,0,3000000,0,1
1000000,0,0,0,1
1000000,0,3000000,0,1
200000,0,2000000,0,1
5000000,0,20000000,0,1
625000,0,3541667,0,1
750000,1555000,15000000,1,1
5000000,0,0,0,1
500000,50000,5000000,0,1
500000,0,5000000,0,1
200000,0,0,0,1
1000000,0,3000000,0,1
1000000,815000,0,0,1
250000,0,500000,0,1
225000,0,3500000,0,1
250000,0,2500000,0,1
500000,0,2275000,0,1
400000,370000,10000000,0,1
500000,0,4000000,0,1
1200000,0,4500000,0,1
500000,0,0,0,1
1000000,175000,0,0,1
5000,0,0,0,1
1000000,0,4000000,0,1
500000,0,4000000,0,1
5000000,0,0,0,1
50000,5000,50000,0,1
750000,0,2500000,0,1
500000,0,2500000,0,1
300000,0,1000000,0,1
400000,331980,7500000,0,1
2500000,0,10000000,0,1
3000000,0,0,0,1
1600000,0,6000000,0,1
500000,0,2000000,0,1
400000,225000,4249737,0,1
1500000,925000,0,0,1
30000,0,1400,0,1
300000,75000,3000000,0,1
300000,0,1000000,0,1
1900,0,0,0,1
375000,30000,1500000,0,1
1000000,1076000,5000000,1,1
750000,0,3000000,0,1
100000,0,1000000,0,1
1200000,25000,4000000,0,1
400000,0,0,0,1
1000000,0,0,0,1
500000,322000,0,0,1
1250000,450000,12500000,0,1
1000000,142000,3500000,0,1
50000,0,0,0,1
250000,0,0,0,1
1000000,0,6000000,0,1
1000000,0,0,0,1
500000,25000,5000000,0,1
300000,0,3000000,0,1
500000,0,3000000,0,1
50000,0,0,0,1
500000,0,0,0,1
300000,100000,1500000,0,1
250000,20000,0,0,1
500000,0,0,0,1
1000000,0,5000000,0,1
500000,0,1000000,0,1
1000000,766000,2250000,0,1
500000,10000,3800000,0,1
250000,0,0,0,1
1500000,435000,6000000,0,1
350000,260000,2500000,0,1
1000000,750000,4000000,0,1
1500000,1395000,4000000,0,1
500000,0,0,0,1
50000,0,400000,0,1
600000,0,4000000,0,1
1500000,0,4500000,0,1
500000,5000,2500000,0,1
300000,0,2000000,0,1
50000,0,100000,0,1
1000000,675000,0,0,1
100000,0,1000000,0,1
350000,0,4500000,0,1
400000,0,2000000,0,1
250000,0,3000000,0,1
1000000,470000,6000000,0,1
50000,0,500000,0,1
150000,130000,1200000,0,1
300000,0,0,0,1
400000,100000,1000000,0,1
1500000,0,4000000,0,1
1150000,0,15000000,0,1
1750000,300000,5500000,0,1
1000000,2254000,15000000,1,1
400000,0,1000000,0,1
1000000,0,10000000,0,1
499000,0,1000000,0,1
500000,0,0,0,1
80000,0,800000,0,1
50000,0,0,0,1
500000,0,50000,0,1
1000000,855000,5000000,0,1
250000,0,1,0,1
500000,0,7039000,0,1
1820000,130000,3800000,0,1
750000,676500,5000000,0,1
750000,410000,5000000,0,1
1250000,100000,200,0,1
10000,0,0,0,1
500000,0,0,0,1
650000,1000000,0,1,1
500000,497500,3000000,0,1
500000,0,0,0,1
750000,502500,4000000,0,1
650000,450000,5000000,0,1
1000000,0,9000000,0,1
1500000,0,0,0,1
500000,2000,0,0,1
750000,0,375000,0,1
750000,0,3000000,0,1
1000000,0,0,0,1
600000,0,0,0,1
1250000,75000,3000000,0,1
500000,0,5000000,0,1
1000000,800000,6000000,0,1
100000,0,1000000,0,1
800000,175000,5000000,0,1
200000,126000,3500000,0,1
250000,0,50000,0,1
500000,371116,5000000,0,1
1500000,0,0,0,1
1000000,300000,4000000,0,1
1000000,0,0,0,1
300000,0,2000000,0,1
1500000,0,6000000,0,1
200000,0,0,0,1
100000,0,1000000,0,1
500000,0,8000000,0,1
2000000,0,0,0,1
2000000,0,0,0,1
300000,0,0,0,1
750000,45000,3000000,0,1
500000,0,5000000,0,1
400000,0,3000000,0,1
500000,0,0,0,1
500000,0,10000000,0,1
1000000,0,4000000,0,1
500000,25000,3000000,0,1
600000,0,0,0,1
250000,62500,4000000,0,1
500000,233000,4000000,0,1
2000000,0,2000000,0,1
250000,0,2500000,0,1
300000,0,2000000,0,1
500000,719450,7000000,1,1
4875000,0,18000000,0,1
1000000,0,0,0,1
500000,0,3500000,0,1
5000000,0,0,0,1
500000,0,2500000,0,1
120000,75000,0,0,1
1015000,980157,4000000,0,1
200000,0,1500000,0,1
750000,0,0,0,1
250000,0,2000000,0,1
10000,0,0,0,1
600000,0,2500000,0,1
150000,0,1500000,0,1
100000,0,0,0,1
1200000,0,0,0,1
50000,0,0,0,1
100000,0,0,0,1
500000,0,3000000,0,1
100000,0,0,0,1
1500000,710000,5000000,0,1
100000,0,0,0,1
500000,115000,4000000,0,1
750000,0,0,0,1
100000,0,0,0,1
750000,0,0,0,1
1000000,0,0,0,1
3500000,0,7500000,0,1
1000000,0,0,0,1
500000,0,0,0,1
1500000,0,5000000,0,1
500000,50000,5000000,0,1
1000000,0,0,0,1
1000000,0,5000000,0,1
350000,0,2750000,0,1
750000,51000,3500000,0,1
155000,0,1200000,0,1
1500000,0,4000000,0,1
50000,15000,2000000,0,1
500000,0,2500000,0,1
500000,0,2500000,0,1
750000,0,0,0,1
1000000,416000,0,0,1
100000,0,4000000,0,1
75000,0,750000,0,1
2000000,0,20000000,0,1
1500000,1216500,7500000,0,1
1000000,450000,4000000,0,1
500000,250000,0,0,1
500000,15000,4500000,0,1
530000,50000,2750000,0,1
1000000,0,4000000,0,1
600000,0,2000000,0,1
100000,0,0,0,1
1000000,0,0,0,1
350000,0,5000000,0,1
250000,0,750000,0,1
50000,0,2500000,0,1
500000,0,4500000,0,1
500000,0,4500000,0,1
250000,30000,1700000,0,1
250000,0,0,0,1
3000000,0,5000000,0,1
100000,0,2000000,0,1
375000,0,4000000,0,1
150000,0,3000000,0,1
250000,25000,1000000,0,1
750000,0,3000000,0,1
400000,0,0,0,1
500000,0,0,0,1
1000000,180000,4000000,0,1
500000,0,2500000,0,1
1000000,0,6000000,0,1
200000,0,2000000,0,1
250000,0,0,0,1
200000,0,1000000,0,1
500000,0,0,0,1
500000,105000,5000000,0,1
4000000,950000,5000000,0,1
200000,0,2000000,0,1
75000,0,2500000,0,1
500000,0,0,0,1
3000000,1500000,12000000,0,1
700000,0,6000000,0,1
500000,100000,3000000,0,1
1300000,0,0,0,1
200000,5000,0,0,1
500000,0,5000000,0,1
5000000,1775000,20000000,0,1
800000,0,0,0,1
500000,576000,7000000,1,1
1000000,65000,3000000,0,1
1000000,120000,0,0,1
400000,70000,0,0,1
500000,610000,6000000,1,1
750000,375000,7000000,0,1
200000,0,0,0,1
1000000,5400,5000000,0,1
2000000,1529500,0,0,1
500000,0,4000000,0,1
100000,0,100000,0,1
500000,0,3500000,0,1
250000,0,4000000,0,1
1000000,0,7500000,0,1
500000,0,2500000,0,1
500000,0,6000000,0,1
7000000,0,0,0,1
500000,250000,0,0,1
300000,175000,3000000,0,1
50000,0,10000,0,1
500000,0,0,0,1
800000,459535,5500000,0,1
300000,0,0,0,1
500000,0,0,0,1
1000000,130010,10000000,0,1
700000,15000,0,0,1
300000,0,2000000,0,1
1000000,0,3000000,0,1
1100000,0,1000000,0,1
250000,0,1500000,0,1
1500000,160000,1500000,0,1
2000000,0,250000,0,1
10000000,0,66700000,0,1
100000,0,0,0,1
350000,180000,4000000,0,1
300000,0,0,0,1
100000,0,4000000,0,1
40000,0,1000000,0,1
500000,0,0,0,1
1500000,0,3000000,0,1
4000000,900000,0,0,1
1000000,70000,5000000,0,1
250000,75000,3300000,0,1
5000000,1510000,2260000,0,1
200000,88000,20000000,0,1
300000,6000,1000000,0,1
500000,150000,2500000,0,1
500000,478500,3500000,0,1
1075000,0,3500000,0,1
1000000,0,0,0,1
1200000,0,3000000,0,1
500000,0,2000000,0,1
100000,0,0,0,1
500000,350000,0,0,1
1000000,0,0,0,1
750000,0,0,0,1
500000,0,0,0,1
2000000,0,8500000,0,1
100000,15000,3000000,0,1
350000,100000,3000000,0,1
2000000,0,4000000,0,1
250000,0,1500000,0,1
1000000,0,0,0,1
500000,0,0,0,1
150000,25000,2000000,0,1
1000000,25000,2000000,0,1
100000,0,0,0,1
250000,10000,2750000,0,1
5000000,6000000,16000000,1,1
250000,0,0,0,1
600000,541951,0,0,1
700000,0,0,0,1
1300000,500000,5200000,0,1
650000,167001,15000000,0,1
10000000,0,50000000,0,1
1100000,0,0,0,1
500000,0,0,0,1
250000,0,500000,0,1
2000000,180000,8000000,0,1
100000,0,2000000,0,1
250000,0,0,0,1
3000000,1710000,0,0,1
12000000,0,8000000,0,1
2000000,0,5000000,0,1
2000000,0,10000000,0,1
750000,0,350000,0,1
6000000,350000,0,0,1
500000,0,5000000,0,1
500000,3000,5000000,0,1
200000,0,4000000,0,1
5000000,0,0,0,1
500000,225000,7500000,0,1
1000000,0,1000000,0,1
2000000,0,5000000,0,1
499996,636700,0,1,1
500000,322000,0,0,1
1000000,801000,0,0,1
500000,382000,0,0,1
2000000,1270900,0,0,1
500000,320000,0,0,1
700000,83000,0,0,1
2000000,2541500,0,1,1
500000,1156500,0,1,1
750000,627200,0,0,1
1300000,1469500,0,1,1
1000000,815000,0,0,1
1200000,1224200,0,1,1
1200000,986000,0,0,1
500000,180000,0,0,1
800000,332000,0,0,1
1500000,767100,0,0,1
300000,0,0,0,1
1000000,450000,0,0,1
500000,0,3000000,0,1
1500000,0,5000000,0,1
100000,0,0,0,1
150000,0,1200000,0,1
1000000,500000,0,0,1
600000,250000,0,0,1
500000,130000,4000000,0,1
1000000,0,0,0,1
2000000,1095000,13500000,0,1
300000,0,0,0,1
50000,0,0,0,1
100000,30000,3125000,0,1
300000,30000,2500000,0,1
2000000,5096000,6200000,1,1
50000,0,150000,0,1
20000,0,0,0,1
750000,0,0,0,1
1200000,275000,3500000,0,1
25000,0,0,0,1
1200000,0,4500000,0,1
50000,0,300000,0,1
500000,0,0,0,1
5000000,0,10000000,0,1
100000,0,0,0,1
200000,0,0,0,1
600000,0,5000000,0,1
1000000,300000,7000000,0,1
750000,0,0,0,1
1000000,0,3000000,0,1
1500000,60000,9500000,0,1
2200000,0,7000000,0,1
500000,425000,3000000,0,1
1000000,0,4000000,0,1
1000000,0,4000000,0,1
150000,25000,750000,0,1
2150000000,0,0,0,1
600000,0,10400000,0,1
100000,0,0,0,1
20000,0,250000,0,1
1500000,0,100000000,0,1
4000000,0,4000000,0,1
400000,0,2000000,0,1
10000,0,0,0,1
500000,0,1500000,0,1
250000,0,5000000,0,1
300000,0,1250000,0,1
2000000,0,6000000,0,1
350000,0,100000,0,1
2000000,35000,6000000,0,1
100000,0,0,0,1
200000,0,1500000,0,1
500000,225000,5000000,0,1
250000,0,2000000,0,1
2500000,300000,10000000,0,1
400000,0,0,0,1
1500000,1545000,20000000,1,1
750000,255000,5000000,0,1
800000,726000,5000000,0,1
500000,0,0,0,1
1000000,25000,5000000,0,1
400000,0,2000000,0,1
800000,0,3000000,0,1
1000000,415000,5000000,0,1
525000,0,3500000,0,1
500000,0,2500000,0,1
300000,0,700000,0,1
5000,0,0,0,1
50000,0,500000,0,1
650000,0,0,0,1
1500000,0,0,0,1
750000,250000,0,0,1
400000,0,2000000,0,1
2000000,0,0,0,1
100000,5000,1000000,0,1
1000000,0,0,0,1
3000000,0,7500000,0,1
250000,391000,6500000,1,1
50000,0,500000,0,1
5000000,825000,5000000,0,1
10000,0,0,0,1
700000,150000,8000000,0,1
1000000,0,2000000,0,1
500000,0,2000000,0,1
750000,475000,4000000,0,1
500000,0,0,0,1
1500000,0,5000000,0,1
1500000,0,5000000,0,1
75000,0,100000,0,1
1350000,0,3150000,0,1
500000,10000,2000000,0,1
1000000,0,4000000,0,1
200000,0,0,0,1
265000,105000,0,0,1
200000,0,350000,0,1
20000,0,0,0,1
650000,0,4500000,0,1
250000,0,0,0,1
5000,0,0,0,1
400000,150000,0,0,1
350000,0,1600000,0,1
3000000,0,3000000,0,1
400000,0,0,0,1
100000,0,0,0,1
250000,225000,2000000,0,1
2500000,0,0,0,1
1250000,812700,8000000,0,1
500000,0,0,0,1
1000000,0,0,0,1
500000,0,3000000,0,1
1000000,0,4000000,0,1
250000,60000,1500000,0,1
350000,0,0,0,1
175000,0,700000,0,1
500000,0,2000000,0,1
1225000,100000,3000000,0,1
500000,0,500000,0,1
1500000,1344500,10000000,0,1
1000000,0,4000000,0,1
500000,0,6000000,0,1
250000,0,1000000,0,1
100000,0,500000,0,1
1000000,0,3000000,0,1
350000,0,0,0,1
500000,0,0,0,1
50000,0,2000000,0,1
800000,425000,5000000,0,1
250000,0,0,0,1
500000,400000,4000000,0,1
5660000,0,0,0,1
750000,0,5000000,0,1
2000000,0,0,0,1
250000,148400,6000000,0,1
500000,254999,2000000,0,1
100000,0,0,0,1
100000,0,0,0,1
1000000,0,7000000,0,1
1000000,708000,6000000,0,1
1250000,1043750,3000000,0,1
125000,0,500000,0,1
1000000,158000,2300000,0,1
500000,395000,15,0,1
5000000,0,4000000,0,1
15000,0,50000,0,1
500000,0,2000000,0,1
750000,0,0,0,1
100000,0,2000000,0,1
1500000,0,4000000,0,1
50000,0,400000,0,1
40000,0,0,0,1
500000,0,2500000,0,1
300000,0,2900000,0,1
250000,0,0,0,1
750000,300000,4500000,0,1
250000,0,1250000,0,1
13500000,0,0,0,1
2000000,1193500,10000000,0,1
500000,150000,4000000,0,1
1000000,0,10000000,0,1
12500000,0,0,0,1
650000,445000,3500000,0,1
500000,0,0,0,1
1300000,0,13000000,0,1
500000,0,2000000,0,1
750000,640000,0,0,1
500000,272000,5000000,0,1
500000,0,0,0,1
150000,0,0,0,1
250000,0,30000,0,1
610000,600000,3500000,0,1
350000,0,15000000,0,1
50000,0,400000,0,1
75000,0,0,0,1
2000000,1257000,0,0,1
100000,0,1000000,0,1
500000,0,4000000,0,1
1000000,450000,0,0,1
1000000,0,9000000,0,1
150000,0,100000000,0,1
50000,0,1,0,1
100000,0,0,0,1
500000,0,0,0,1
250000,0,200000,0,1
100000000,0,0,0,1
150000,0,1500000,0,1
500000,0,7000,0,1
200000,0,0,0,1
75000,0,375000,0,1
2000000,0,14000000,0,1
600000,291000,0,0,1
250000,0,0,0,1
500000,0,0,0,1
2000000,0,5000000,0,1
250000,0,1000000,0,1
169000,0,0,0,1
500000,0,2500000,0,1
850000,0,2500000,0,1
350000,100000,1000000,0,1
4000000,3621500,13500000,0,1
50000,0,500000,0,1
250000,0,0,0,1
5000000,0,15000000,0,1
630000,0,0,0,1
250000,0,0,0,1
100000,0,500000,0,1
25000,0,0,0,1
2000000,0,3000000,0,1
500000,0,2272541,0,1
3200000,0,40000000,0,1
1500000,0,4800000,0,1
700000,0,3500000,0,1
1250000,150000,4500000,0,1
50000,0,1000000,0,1
250000,150000,2000000,0,1
250000,0,3000000,0,1
30000,0,0,0,1
750000,0,0,0,1
300000,0,0,0,1
1000000,0,4000000,0,1
250000,0,0,0,1
1000000,675000,5000000,0,1
400000,0,4000000,0,1
50000,0,575000,0,1
500000,365000,0,0,1
1000000,0,2500000,0,1
500000,175000,2500000,0,1
1000000,560000,6000000,0,1
1000000,0,7500000,0,1
496689,200000,1158941,0,1
500000,0,2000000,0,1
2000000,0,6000000,0,1
450000,256000,4000000,0,1
750000,0,3800000,0,1
600000,360000,0,0,1
1000000,0,0,0,1
1500000,0,4000000,0,1
5000000,0,0,0,1
100000,0,0,0,1
500000,0,0,0,1
250000,0,5000000,0,1
600000,277000,0,0,1
900000,0,5400000,0,1
165000,0,0,0,1
135000,0,0,0,1
250000,0,0,0,1
100000,0,0,0,1
2000000,0,4000000,0,1
500000,0,0,0,1
1000000,632500,7000000,0,1
2000000,455000,7000000,0,1
50000000,0,90000000,0,1
80000,0,0,0,1
7650000,5000,0,0,1
700000,120000,5000000,0,1
400000,0,0,0,1
100000,0,2500000,0,1
750000,0,0,0,1
1000000,0,6000000,0,1
1400000,1327000,4500000,0,1
500000,135000,3000000,0,1
200000,0,500000,0,1
1000000,545010,3000000,0,1
500000,0,5000000,0,1
250000,0,1000000,0,1
1000000,0,10500000,0,1
4000000,0,30000000,0,1
1000000,0,2500000,0,1
500000,495000,1500000,0,1
750000,500000,6000000,0,1
750000,0,3000000,0,1
250000,0,1850000,0,1
500000,0,0,0,1
500000,0,3000000,0,1
500000,0,3000000,0,1
350000,0,1250000,0,1
550000,88500,1827500,0,1
2900000,0,6000000,0,1
250000,0,10000000,0,1
500000,50000,0,0,1
750000,0,0,0,1
250000,0,2500000,0,1
200000,125000,2000000,0,1
4000000,0,0,0,1
1000000,80000,5000000,0,1
5000000,1080000,0,0,1
250000,0,2500000,0,1
150000,25000,3300000,0,1
750000,0,700000,0,1
2500000,0,0,0,1
50000,0,1000000,0,1
90000,0,275000,0,1
650000,0,4500000,0,1
1000000,0,0,0,1
20000,0,80000,0,1
675000,0,6000000,0,1
1200000,100000,6200000,0,1
400000,40000,5000000,0,1
800000,75000,8000000,0,1
200000,75000,3500000,0,1
1000000,0,10000000,0,1
750000,0,0,0,1
100000,0,2000000,0,1
6000000,0,45000000,0,1
150000,0,0,0,1
500000,0,0,0,1
500000,0,60000,0,1
500000,0,2500000,0,1
100000,0,0,0,1
1650000,1135000,5000000,0,1
100000,0,20000,0,1
500000,0,2000000,0,1
1000000,710000,2500000,0,1
1250000,0,5000000,0,1
2198,0,800,0,1
250000,0,0,0,1
750000,0,3500000,0,1
100000,0,2000000,0,1
250000,0,0,0,1
225000,22500,4400000,0,1
10000000,0,300000,0,1
200000,0,1019226,0,1
500000,179000,0,0,1
465000,0,0,0,1
500000,75000,0,0,1
750000,245000,6000000,0,1
1000000,0,4027500,0,1
10000,0,0,0,1
1000000,0,0,0,1
250000,0,2000000,0,1
650000,150000,4000000,0,1
1000000,0,5000000,0,1
300000,15000,5000000,0,1
800000,0,3200000,0,1
200000,0,5000000,0,1
10000000,0,0,0,1
2000000,0,10000000,0,1
2000000,10000,35000000,0,1
500000,0,6000000,0,1
1000000,0,10000000,0,1
250000,0,500000,0,1
150000,0,5000000,0,1
500000,0,2000000,0,1
750000,250000,2000000,0,1
750000,25000,0,0,1
750000,405000,4000000,0,1
315000,370000,14900000,1,1
300000,100000,30000,0,1
100000,0,0,0,1
200000,0,0,0,1
3000000,0,15000000,0,1
10000,0,10000,0,1
50000,0,0,0,1
300000,0,8000000,0,1
425000,0,3500000,0,1
250000,0,1000000,0,1
500000,0,3000000,0,1
2000000,0,0,0,1
100000,0,2000000,0,1
100000,0,100000,0,1
500000,0,2500000,0,1
175000,0,3500000,0,1
1000000,0,0,0,1
1200000,0,6650000,0,1
500000,50000,5000000,0,1
200000,0,2000000,0,1
1700000,0,3000000,0,1
500000,0,4500000,0,1
500000,0,2500000,0,1
200000,0,2000000,0,1
590000,0,0,0,1
1000000,0,0,0,1
750000,0,4000000,0,1
6000000,0,0,0,1
2000000,0,4000000,0,1
400000,190000,1200000,0,1
6000000,600000,3000000,0,1
300000,0,0,0,1
550000,0,2000000,0,1
1000000,0,3000000,0,1
250000,0,5000000,0,1
2000000,0,8000000,0,1
50000,0,0,0,1
250000,0,1500000,0,1
300000,50000,3000000,0,1
2000000,0,10000000,0,1
100000,0,0,0,1
1000000,0,5500000,0,1
375000,0,1200000,0,1
125000,0,500000,0,1
200000,125000,2000000,0,1
50000,0,200000,0,1
100000,0,0,0,1
200000,0,1000000,0,1
250000,0,0,0,1
1500000,0,6000000,0,1
350000,158000,0,0,1
750000,385000,3500000,0,1
500000,396000,2500000,0,1
300000,0,400000,0,1
500000,0,2500000,0,1
50000,0,500000,0,1
1000000,0,0,0,1
2000000,0,0,0,1
300000,0,1000000,0,1
500000,425000,6000000,0,1
500000,0,3100000,0,1
100000,0,1,0,1
750000,0,0,0,1
750000,350000,0,0,1
3000000,0,17000000,0,1
1600000,0,0,0,1
50000,0,1000000,0,1
1000000,350000,4000000,0,1
300000,227553,7000000,0,1
2000000,0,18000000,0,1
450000,0,0,0,1
250000,50000,2000000,0,1
700000,429000,4300000,0,1
2000000,1045000,8000000,0,1
600000,394500,4000000,0,1
5000000,0,0,0,1
500000,170000,5000000,0,1
100000,0,250000,0,1
1500000,0,0,0,1
250000,30000,5000000,0,1
1010000,140000,3000000,0,1
300000,125000,1250000,0,1
500000,0,1000000,0,1
500000,0,5000000,0,1
250000,0,1000000,0,1
500000,0,5000000,0,1
500000,0,4500000,0,1
150000,0,3000000,0,1
3100000,0,0,0,1
75000,0,1500000,0,1
500000,0,5000000,0,1
1000000,0,0,0,1
750000,0,0,0,1
350000,0,0,0,1
5000000,0,20000000,0,1
2000000,1992200,4000000,0,1
300000,0,2000000,0,1
100000,0,0,0,1
1000000,300000,10000000,0,1
100000,0,10000,0,1
250000,0,1750000,0,1
500000,30000,3200000,0,1
15000,10000,0,0,1
250000,0,1200000,0,1
1250000,0,7250000,0,1
200000,0,0,0,1
1000000,0,5000000,0,1
1500000,0,15000000,0,1
1000000,0,0,0,1
250000,100000,100000,0,1
250000,0,1821738,0,1
1000000,0,4000000,0,1
200000,0,4000000,0,1
25000,0,0,0,1
50000,0,0,0,1
500000,0,1500000,0,1
200000,0,0,0,1
1450000,100000,3500000,0,1
150000,0,500000,0,1
250000,0,7500000,0,1
750000,0,0,0,1
25000,0,250000,0,1
3000000,0,10000000,0,1
500000,150000,750000,0,1
25000,0,10000,0,1
200000,0,2000000,0,1
500000,0,0,0,1
60000000,0,0,0,1
200000,0,0,0,1
500000,0,4000000,0,1
15,0,0,0,1
500000,0,3500000,0,1
500000,0,2000000,0,1
500000,200000,4000000,0,1
350000,290000,5000000,0,1
500000,0,3000000,0,1
400000,0,3500000,0,1
500000,0,5000000,0,1
200000,0,2500000,0,1
200000,0,0,0,1
100000,0,0,0,1
250,0,0,0,1
250000,0,0,0,1
100000,0,2000000,0,1
150000,0,0,0,1
600000,0,3000000,0,1
500000,0,10000000,0,1
1000000,0,0,0,1
200000,0,0,0,1
1000000,0,6000000,0,1
250000,0,4000000,0,1
100000,0,0,0,1
1200000,0,6000000,0,1
250000,0,450000,0,1
400000,50000,5000000,0,1
100000,0,0,0,1
250000,0,0,0,1
200000,0,0,0,1
10000000,0,0,0,1
300000,0,1500000,0,1
300000,0,0,0,1
750000,0,750,0,1
20000,0,0,0,1
1000000,235000,3000000,0,1
500000,0,5000000,0,1
500000,150000,4000000,0,1
750000,0,0,0,1
750000,0,3250000,0,1
300000,0,0,0,1
300000,0,1000000,0,1
80000,0,0,0,1
250000,50000,0,0,1
50000,0,500000,0,1
100000,0,0,0,1
1750000,250000,20000000,0,1
500000,0,0,0,1
660000,251000,4800000,0,1
145000,0,1500000,0,1
3000,0,10000,0,1
1000000,800000,5200000,0,1
2000000,0,8000000,0,1
1500000,0,10000000,0,1
1000000,0,2000000,0,1
1000000,620000,4000000,0,1
3500000,0,5250000,0,1
750000,225000,4000000,0,1
150000,0,1000000,0,1
500000,1041259,8000000,1,1
150000,0,2500000,0,1
500000,20000,4000000,0,1
250000,0,6000000,0,1
6000000,0,0,0,1
350000,0,0,0,1
150000,0,0,0,1
250000,60000,2250000,0,1
3000000,2632500,6000000,0,1
150000,0,1000000,0,1
300000,0,3000000,0,1
100000,0,4000000,0,1
2000000,0,8000000,0,1
500000,100,0,0,1
800000,675000,9000000,0,1
400000,0,2000000,0,1
600000,410000,7000000,0,1
200000,0,1000000,0,1
100000,0,4000,0,1
100000,0,0,0,1
300000,0,0,0,1
200000,0,0,0,1
150000,0,1000000,0,1
150000,0,1000000,0,1
1100000,0,3000000,0,1
150000,0,0,0,1
200000,0,0,0,1
1000000,0,0,0,1
500000,0,2500000,0,1
100000,0,100000,0,1
2000000,0,7000000,0,1
650000,65000,1300000,0,1
750000,0,0,0,1
250000,0,500000,0,1
500000,284500,2000000,0,1
850000,0,5000000,0,1
150000,0,0,0,1
1500000,110000,10000000,0,1
500000,145000,0,0,1
1000000,0,10000000,0,1
100000,0,0,0,1
1000000,0,1000000,0,1
1000000,0,500000,0,1
1500000,2000000,0,1,1
200000,0,0,0,1
1500000,511500,10000000,0,1
100000,0,1000000,0,1
275000,20000,2000000,0,1
300000,0,2000000,0,1
4900000,0,50000000,0,1
3,779128,0,1,1
500000,0,5000000,0,1
850000,0,9000000,0,1
50000,0,0,0,1
750000,470000,3000000,0,1
100000,0,0,0,1
400000,0,4000000,0,1
500000,0,5000000,0,1
3000000,2000000,0,0,1
1500000,377000,3200000,0,1
1000000,915000,3500000,0,1
400000,0,0,0,1
500000,443440,2000000,0,1
300000,0,2700000,0,1
250000,0,0,0,1
900000,575000,6000000,0,1
100000,0,0,0,1
500000,0,0,0,1
50000,0,400000,0,1
50000,0,500000,0,1
500000,0,100000,0,1
500000,200000,3600000,0,1
1000000,50000,6000000,0,1
1250000,997000,5250000,0,1
500000,0,5000000,0,1
100000,0,700000,0,1
300000,0,2000000,0,1
1500000,875000,3000000,0,1
150000,0,0,0,1
150000,0,10000000,0,1
400000,0,3000000,0,1
150000,0,0,0,1
2000000,0,8000000,0,1
250000,0,0,0,1
100000,0,1000000,0,1
100000,0,5000000,0,1
200000,0,0,0,1
750000,755000,2500000,1,1
100000,0,1000000,0,1
200000,0,1000000,0,1
1000000,662500,2500000,0,1
100000,0,1000000,0,1
300000,0,0,0,1
500000,5000,2000000,0,1
10000,0,0,0,1
900000,10000,1100000,0,1
600000,0,1900000,0,1
1000000,1205000,6000000,1,1
500000,0,5000000,0,1
10000000,0,10000000,0,1
620000,25000,0,0,1
500000,0,5000000,0,1
500000,0,0,0,1
100000,0,100000,0,1
100000,0,0,0,1
500000,0,0,0,1
750000,0,3000000,0,1
1000000,0,4000000,0,1
350000,10000,3500000,0,1
400000,0,4000000,0,1
500000,0,0,0,1
500000,0,0,0,1
1000000,0,4000000,0,1
500000,0,0,0,1
100000,0,3000000,0,1
250000,0,1200000,0,1
500000,0,50000000,0,1
3000000,0,100000,0,1
100000,0,0,0,1
500000,0,2000000,0,1
1200000,0,2800000,0,1
1500000,2058000,8000000,1,1
25000,0,2000000,0,1
54000,0,270000,0,1
50000,0,0,0,1
500000,0,3000000,0,1
50000,0,250000,0,1
1000000,30000,2000000,0,1
200000,5000,5,0,1
50000,0,100000,0,1
500000,0,3000000,0,1
500000,0,2500000,0,1
100000,0,1000000,0,1
100000,0,0,0,1
600000,0,2000000,0,1
2000000,0,10000000,0,1
1000000,0,5000000,0,1
20000,0,0,0,1
860000,0,2000000,0,1
1000000,0,27500000,0,1
1000000,0,0,0,1
1000000,0,8000000,0,1
250000,0,0,0,1
700000,0,3000000,0,1
750000,0,4250000,0,1
100000,0,500000,0,1
1000000,0,3500000,0,1
200000,0,4000000,0,1
250000,0,0,0,1
500000,24500,2000000,0,1
500000,0,3000000,0,1
500000,0,2000000,0,1
500000,0,0,0,1
3000000,0,15000000,0,1
1000000,0,7000000,0,1
3400000,0,10000000,0,1
3000000,0,10000000,0,1
10000,0,0,0,1
250000,0,1465000,0,1
500000,0,3000000,0,1
200000,120000,1500000,0,1
120000,0,1752320,0,1
3000000,0,5000000,0,1
1000000,0,10000000,0,1
1000000,0,3000000,0,1
1335000,0,3500000,0,1
100000,0,20000,0,1
50000,0,250000,0,1
1000000,0,4000000,0,1
300000,50000,2500000,0,1
100000,0,1000000,0,1
500000,125000,7500000,0,1
500000,0,0,0,1
1500000,0,4000000,0,1
500000,45000,2000000,0,1
500000,0,1440000,0,1
85000,0,500000000,0,1
200000,0,0,0,1
800000,0,4000000,0,1
350000,0,4000000,0,1
250000,0,2500000,0,1
600000,0,4000000,0,1
1200000,0,9000000,0,1
350000,0,0,0,1
200000,0,3000000,0,1
50000,0,500000,0,1
1500000,1349951,7000000,0,1
250000,0,4750000,0,1
200000,100000,2000000,0,1
15000000,0,8900000,0,1
800000,0,0,0,1
3500000,0,10000000,0,1
350000,350000,1600000,0,1
25000,0,0,0,1
800000,115000,4000000,0,1
500000,0,500000,0,1
50000,0,350000,0,1
50000,0,50000,0,1
200000,0,5000000,0,1
275000,0,2000000,0,1
1300000,0,0,0,1
700000,25000,3500000,0,1
15000000,0,0,0,1
6000000,0,0,0,1
2000000,0,8000000,0,1
1000000,910000,4000000,0,1
400000,0,1500000,0,1
300000,0,1500000,0,1
500000,225000,0,0,1
500000,300000,5000000,0,1
50000,0,150000,0,1
350000,0,1400000,0,1
200000,0,4000000,0,1
100000,0,0,0,1
500000,50000,0,0,1
500000,0,5000000,0,1
250000,6000,750000,0,1
200000,0,100000,0,1
100000,0,0,0,1
100000,0,1000000,0,1
75000,0,0,0,1
500000,0,5000000,0,1
200000,0,5000000,0,1
850000,0,2100000,0,1
300000,0,2000000,0,1
500000,625000,5500000,1,1
750000,0,5000000,0,1
500000,0,0,0,1
300000,295000,2000000,0,1
1250000,1075000,5000000,0,1
300000,0,2500000,0,1
200000,0,1800000,0,1
500000,0,4000000,0,1
150000,0,400000,0,1
500000,0,5000000,0,1
2000000,0,8000000,0,1
1250000,0,0,0,1
25000,0,100000,0,1
50000,0,500000,0,1
500000,0,0,0,1
100000,0,400000,0,1
700000,477445,2500000,0,1
1000000,0,0,0,1
500000,248500,3500000,0,1
1000000,606000,0,0,1
1000000,0,10000000,0,1
400000,0,7500000,0,1
600000,0,50000,0,1
4000000,0,22000000,0,1
750000,0,0,0,1
250000,0,1000000,0,1
1000000,0,1000000,0,1
1500000,0,10000000,0,1
600000,0,5000000,0,1
250000,50000,1150000,0,1
2000000,0,0,0,1
10000000,0,20000000,0,1
500000,0,5000000,0,1
300000,0,3000000,0,1
600000,0,0,0,1
500000,0,4000000,0,1
500000,0,0,0,1
100000,0,0,0,1
500000,0,0,0,1
500000,0,0,0,1
500000,0,2500000,0,1
1000000,0,10000000,0,1
630000,0,0,0,1
200000,0,0,0,1
375000,7500,2125000,0,1
750000,0,0,0,1
500000,0,0,0,1
5000000,0,4000000,0,1
500000,0,0,0,1
7000000,0,0,0,1
100000,0,5300000,0,1
1200000,1016500,0,0,1
750000,0,5000000,0,1
2000000,0,8000000,0,1
500000,0,2000000,0,1
200000,0,0,0,1
100000,0,0,0,1
380000,0,3800000,0,1
2500000,0,10000000,0,1
500000,0,2500000,0,1
15000000,0,0,0,1
5000000,0,0,0,1
600000,300000,0,0,1
5000000,0,0,0,1
125000,0,0,0,1
1000000,300000,0,0,1
100000,0,0,0,1
250000,0,0,0,1
500000,0,4000000,0,1
15000000,0,50000000,0,1
250000,25000,0,0,1
1500000,150000,0,0,1
50000,1000,0,0,1
50000,0,0,0,1
250000,0,700000,0,1
1500000,0,0,0,1
250000,0,0,0,1
250000,95000,0,0,1
10000000,1426500,0,0,1
100000,0,0,0,1
1500000,300000,0,0,1
25000,0,0,0,1
5000000,0,0,0,1
400000,10000,0,0,1
45000,0,0,0,1
20000000,0,0,0,1
1500000,0,10000000,0,1
500000,0,0,0,1
10000,0,0,0,1
500000,0,0,0,1
1000000,565000,1000000,0,1
50000000,0,0,0,1
100000,1330,0,0,1
500000,450000,7000000,0,1
300000,0,2700000,0,1
250000,0,0,0,1
1200000,300000,0,0,1
2500000,0,15000000,0,1
700000,0,0,0,1
3400000,850000,0,0,1
225000,0,1500000,0,1
15000,0,100000,0,1
150000,0,1000000,0,1
500000,0,5000000,0,1
2000000,0,10000000,0,1
250000,0,0,0,1
1500000,0,10000000,0,1
750000,500000,0,0,1
650000,400000,0,0,1
750000,0,0,0,1
2500000,0,1000,0,1
100000,0,20000,0,1
20000000,0,0,0,1
500000,0,0,0,1
700000,0,0,0,1
1000000,0,0,0,1
150000,0,0,0,1
3500000,41000,0,0,1
500000,85000,3500000,0,1
150000,0,0,0,1
500000,2500,0,0,1
250000,0,5000000,0,1
2000000,0,10000000,0,1
50000,0,500000,0,1
300000,0,0,0,1
50000,0,0,0,1
300000,0,1000000,0,1
150000,0,0,0,1
800000,790000,4000000,0,1
5000000,0,0,0,1
300000,0,0,0,1
300000,0,0,0,1
3200000,2860000,0,0,1
1500000,0,15000000,0,1
500000,50000,0,0,1
250000,30000,5100000,0,1
35000,0,1000000,0,1
250000,0,1500000,0,1
2000000,0,0,0,1
750000,0,3000000,0,1
731000,0,0,0,1
500000,0,4000000,0,1
275000,0,0,0,1
500000,25000,5000000,0,1
1500000,2700000,0,1,1
250000,0,0,0,1
200000,0,10000,0,1
250000,0,3000000,0,1
750000,498300,4500000,0,1
250000,0,6000000,0,1
10000,5500,0,0,1
200000,0,1500000,0,1
250000,0,0,0,1
500000,48000,0,0,1
500000,145750,10000000,0,1
950000,0,0,0,1
5000000,0,0,0,1
400000,24000,0,0,1
800000,0,0,0,1
1000000,25000,0,0,1
700000,0,1000000,0,1
60000,0,350000,0,1
750000,50000,2500000,0,1
1000000,0,3200000,0,1
5000000,0,100000000,0,1
500000,0,3500000,0,1
1000000,837000,0,0,1
250000,0,0,0,1
50000,0,0,0,1
2000000,0,7000000,0,1
200000,0,1800000,0,1
500000,0,2500000,0,1
500000,0,0,0,1
25000,0,6000000,0,1
100000,0,0,0,1
25000,0,0,0,1
250000,75000,0,0,1
1500000,0,25000000,0,1
320000,50000,5000000,0,1
1500000,1335000,0,0,1
1000000,1104050,0,1,1
1000000,1000000,0,0,1
328000,50000,3780000,0,1
1000000,0,4500000,0,1
500000,0,0,0,1
100000,0,0,0,1
500000,0,0,0,1
485000,15000,110000000,0,1
5000000,2000000,0,0,1
250000,0,8000000,0,1
20000,0,100000,0,1
500000,0,0,0,1
450000,240675,2130000,0,1
500000,0,0,0,1
450000,118600,0,0,1
500000,0,150000,0,1
300000,30000,0,0,1
20000,0,0,0,1
50000,0,0,0,1
2000000,600000,0,0,1
100000,0,0,0,1
800000,30000,3000000,0,1
250000,1000,0,0,1
100000,0,20000000,0,1
500000,0,0,0,1
20000000,4925000,0,0,1
5000000,0,70,0,1
2000000,0,4000000,0,1
100000,0,0,0,1
100000,0,1500000,0,1
1300000,0,0,0,1
400000,0,0,0,1
100000,0,0,0,1
100000,0,740000,0,1
250000,0,0,0,1
500000,100000,2000000,0,1
200000,0,0,0,1
25000,0,1000000,0,1
1000000,20000,0,0,1
3000000,0,9000000,0,1
500000,0,2000000,0,1
500000,0,0,0,1
10000,0,0,0,1
50000,0,0,0,1
200000,126000,3500000,0,1
2000000,101000,0,0,1
1400000,15000,0,0,1
250000,0,0,0,1
400000,0,0,0,1
100000,0,2250000,0,1
125000,51889,1000000,0,1
500000,250000,7000000,0,1
200000,105000,20000000,0,1
350000,0,0,0,1
160000,0,0,0,1
350000,100000,3000000,0,1
1000000,0,4000000,0,1
850000,65000,0,0,1
500000,150000,2000000,0,1
1000000,450000,0,0,1
550000,0,55000,0,1
100000000,0,5000000,0,1
30000,0,4000,0,1
3000000,0,14500000,0,1
500000,0,4500000,0,1
250000,0,4000000,0,1
1500000,1195000,4000000,0,1
100000,0,400000,0,1
750000,256000,4500000,0,1
500000,0,7500000,0,1
1500000,0,5000000,0,1
1500000,910000,5000000,0,1
250000,0,3000000,0,1
1000000,0,2000000,0,1
500000,70120,6,0,1
500000,0,2500000,0,1
25000,0,0,0,1
2500000,0,0,0,1
300000,0,0,0,1
315000,45000,14900000,0,1
2000000,0,8000000,0,1
3000000,0,9000000,0,1
800000,0,0,0,1
1000000,0,3000000,0,1
300000,100000,0,0,1
50,0,0,0,1
1000000,50000,10000000,0,1
300000,0,1500000,0,1
2000000,0,6000000,0,1
50000,0,0,0,1
20000,0,100000,0,1
5200000,0,5200000,0,1
100000,0,0,0,1
500000,0,5000000,0,1
300000,0,4000000,0,1
650000,65000,6000000,0,1
575000,20000,2000000,0,1
1000000,0,5000000,0,1
500000,5000,0,0,1
1500000,0,11000000,0,1
5000,0,0,0,1
1000000,0,1000000,0,1
500000,0,1650000,0,1
75000,0,350000,0,1
1000000,0,3500000,0,1
2000000,0,5000000,0,1
1500000,0,3000000,0,1
1500000,0,7500000,0,1
25000,0,0,0,1
50000,0,0,0,1
250000,0,0,0,1
290000,0,0,0,1
15000,0,100000,0,1
500000,0,0,0,1
150000,0,1000000,0,1
150000,0,1000000,0,1
40000,1500,0,0,1
900000,0,0,0,1
100000,41000,6500000,0,1
2500000,0,25000000,0,1
3000000,0,9000000,0,1
300000,255000,3500000,0,1
800000,752000,0,0,1
750000,648200,0,0,1
1000000,0,0,0,1
500000,0,0,0,1
550000,75000,5000000,0,1
1000000,0,0,0,1
600000,100000,7000000,0,1
250000,0,0,0,1
25000,0,0,0,1
25000,0,0,0,1
500000,0,3000000,0,1
220000,0,5500000,0,1
25000,0,0,0,1
350000,150000,0,0,1
120000,20000,500000,0,1
1000000,750000,4000000,0,1
300000,0,1800000,0,1
300000,0,1000000,0,1
425000,0,0,0,1
40000,22000,0,0,1
30000,0,0,0,1
2500000,0,0,0,1
650000,0,0,0,1
1000000,43000,2000000,0,1
1000000,0,20000000,0,1
3000000,475000,0,0,1
500000,120000,5000000,0,1
750000,0,0,0,1
300000,0,0,0,1
500000,0,3000000,0,1
750000,0,5500000,0,1
1000000,7000,6000000,0,1
222000,0,0,0,1
500000,100000,3000000,0,1
1622200,1992000,0,1,1
10000000,0,0,0,1
500000,0,0,0,1
500000,0,5000000,0,1
75000,0,0,0,1
250000,0,5000000,0,1
2000,0,0,0,1
2500000,0,0,0,1
75000,0,5800000,0,1
30000000,45000,0,0,1
250000,0,0,0,1
1650000,350000,0,0,1
250000,0,1000000,0,1
1000000,0,4500000,0,1
250000,100000,0,0,1
700000,411300,0,0,1
41400000,29055,0,0,1
225000,75000,0,0,1
250000,0,0,0,1
350000,0,1750000,0,1
5000000,2500000,25000000,0,1
118450,0,0,0,1
350000,0,5000000,0,1
5000,0,0,0,1
500000,250000,0,0,1
350000,0,1000000,0,1
1000000,0,4500000,0,1
600000,450000,0,0,1
600000,0,4000000,0,1
750000,487500,4000000,0,1
450000,0,0,0,1
2500000,0,16434000,0,1
800000,0,3200000,0,1
600000,325000,0,0,1
1000000,0,0,0,1
2000000,2021500,0,1,1
1750000,250000,0,0,1
500000,0,0,0,1
250000,0,2500000,0,1
500000,0,0,0,1
1700000,200000,0,0,1
30000000,100000,60000000,0,1
150000,0,3000000,0,1
75000,11000,0,0,1
500000,2000000,0,1,1
650000,165000,1300000,0,1
260,0,1,0,1
100000,0,0,0,1
150000,0,0,0,1
1000000,0,0,0,1
400000,242000,0,0,1
1000000,200000,0,0,1
5000000,1000000,0,0,1
500000,0,0,0,1
1000000,0,5000000,0,1
1000000,0,5000000,0,1
320000,0,3900000,0,1
100000,0,0,0,1
1300000,1358000,8000000,1,1
250000,0,500000,0,1
4000000,800000,0,0,1
500000,0,2000000,0,1
250000,100000,0,0,1
5000000,0,20000000,0,1
75000,0,250000,0,1
100000,0,2000000,0,1
60000,0,900000,0,1
200000,0,500000,0,1
300000,200000,8000000,0,1
5000000,375000,0,0,1
500000,0,2000000,0,1
5000000,0,0,0,1
1000000,160000,5000000,0,1
150000,3000,0,0,1
2000000,0,6000000,0,1
126000,0,0,0,1
10000000,0,20000000,0,1
200000,0,1330000,0,1
1000000,0,20000000,0,1
3000000,0,0,0,1
50000,0,1000000,0,1
1000000,0,3000000,0,1
1500000,110000,10000000,0,1
150000,0,1000000,0,1
500000,0,10000,0,1
50000,0,250000,0,1
400000,0,5000000,0,1
600000,0,0,0,1
500000,0,5400000,0,1
1000000,625000,4000000,0,1
375000,0,0,0,1
10000,0,0,0,1
125000,0,0,0,1
250000,0,0,0,1
800000,0,2600000,0,1
1000000,0,2000000,0,1
60000,0,250000,0,1
85000,0,0,0,1
500000,0,3000000,0,1
2000000,0,0,0,1
1000000,0,20000000,0,1
500000,0,0,0,1
300000,0,1200000,0,1
3000000,1750000,0,0,1
1000000,0,0,0,1
350000,0,2000000,0,1
1000000,455000,0,0,1
1500000,100000,10000000,0,1
3000000,0,15000000,0,1
100000,0,0,0,1
250000,0,1500000,0,1
1000000,0,3000000,0,1
2500000,1211500,12000000,0,1
300000,0,0,0,1
10000,0,250000,0,1
1000000,0,0,0,1
1500000,0,4000000,0,1
65000,0,260000,0,1
700000,0,4670000,0,1
250000,0,2000000,0,1
375000,120000,0,0,1
225000,500000,0,1,1
500000000,0,0,0,1
1000000,0,3000000,0,1
250000,0,0,0,1
1500000,0,8000000,0,1
750000,0,0,0,1
2000000,0,0,0,1
600000,350000,0,0,1
500000,0,0,0,1
1000000,0,3000000,0,1
250000,50000,0,0,1
180000,0,900000,0,1
1500000,0,5000000,0,1
3500000,50000,0,0,1
4000000,0,0,0,1
2000000,3000,0,0,1
1000000,0,10000000,0,1
500000,0,5000000,0,1
500000,0,0,0,1
1500000,600000,0,0,1
500000,0,7000000,0,1
550000,0,0,0,1
150000,0,2000000,0,1
500000,400000,0,0,1
500000,0,3000000,0,1
100000,0,1000000,0,1
360000,75000,0,0,1
2000000,0,0,0,1
350000,0,0,0,1
500000,0,3000000,0,1
1500000,0,6000000,0,1
100000,0,1000000,0,1
500000,0,100000,0,1
500000,30000,0,0,1
1500000,0,6000000,0,1
29000,0,0,0,1
350000,350000,0,0,2
2000000,0,8000000,0,1
300000,0,1500000,0,1
500000,202930,6000000,0,1
750000,0,500000,0,1
40000,0,0,0,1
1600000,500000,0,0,1
100000,0,3000000,0,1
750000,0,0,0,1
20990,0,4315000,0,1
300000,100000,4,0,1
10000,0,0,0,1
600000,25000,0,0,1
1500000,0,5000000,0,1
1000000,75000,0,0,1
100000,0,0,0,1
5000000,50000,0,0,1
500000,0,0,0,1
3000000,0,0,0,1
50000,0,0,0,1
2000000,300000,0,0,1
100000,0,600000,0,1
1000000,0,0,0,1
250000,0,0,0,1
1750000,500000,0,0,1
1560000,1560000,9000000,0,1
350000,0,2000000,0,1
100000,0,0,0,1
125000,0,0,0,1
900000,0,3225000,0,1
5000000,0,0,0,1
3000000,0,0,0,1
600000,0,0,0,1
300000,0,5000000,0,1
350000,0,3400000,0,1
1000000,0,3000000,0,1
12000,0,0,0,1
1500000,0,0,0,1
500000,0,4000000,0,1
10000000,0,0,0,1
250000,0,2500000,0,1
490000,0,0,0,1
500000,0,0,0,1
500000,0,4000000,0,1
1200000,0,0,0,1
500000,0,2500000,0,1
150000,0,0,0,1
250000,0,1250000,0,1
250000,0,1000000,0,1
100000,0,0,0,1
250000,0,2500000,0,1
1500000,0,0,0,1
25000000,0,1000000,0,1
450000,450000,0,0,2
500000,38000,0,0,1
25000000,22500,0,0,1
30000,5000,0,0,1
10000000,0,0,0,1
972660,125000,0,0,1
1100000,0,0,0,1
4000000,0,0,0,1
800000,215000,4000000,0,1
2000000,50000,0,0,1
350000,0,1300000,0,1
250000,0,1350000,0,1
5000,0,80000,0,1
2000000,0,20000000,0,1
150000,5000,3000000,0,1
1000000,20000,2500000,0,1
500000,0,2500000,0,1
100000,0,650000,0,1
500000,100,0,0,1
3000000,2215000,0,0,1
250000,15000,0,0,1
500000,0,5000000,0,1
5000000,1304603,25000000,0,1
1500000,150000,0,0,1
150000,0,0,0,1
50000,1100,0,0,1
1500000,0,6000000,0,1
1000000,5000,0,0,1
1000000,0,0,0,1
200000,0,2000000,0,1
120000,0,0,0,1
500000,0,0,0,1
255000,255000,0,0,1
1000000,0,0,0,1
100000,0,1000000,0,1
1600000,360000,0,0,1
400000,0,0,0,1
450000,0,0,0,1
1000000,845000,2500000,0,1
50000,0,0,0,1
1000000,225000,3800000,0,1
100000,0,500000,0,1
500000,18000,0,0,1
450000,0,0,0,1
7000000,0,0,0,1
3000000,0,0,0,1
250000,40000,0,0,1
70000,15000,0,0,1
100000,0,0,0,1
600000,0,3000000,0,1
1500000,0,0,0,1
1000000,150000,0,0,1
200000,0,700000,0,1
30000,5000,0,0,1
2000000,0,0,0,1
1500000,0,6000000,0,1
1000000,0,0,0,1
10000000,720000,0,0,1
1000000,0,0,0,1
1000000,200000,0,0,1
500000,0,0,0,1
1200000,383300,10000000,0,1
2000000,0,0,0,1
5000000,100000,0,0,1
60000,30000,0,0,1
500000,165000,4000000,0,1
200000,0,0,0,1
250000,0,1000000,0,1
1150000,25000,6400000,0,1
12000,0,0,0,1
250000,0,1100000,0,1
250000,0,0,0,1
500000,50000,0,0,1
250000,0,0,0,1
1500000,0,4000000,0,1
100000,0,500000,0,1
100000,0,892500,0,1
25000,0,0,0,1
400000,0,2000000,0,1
1000000,0,0,0,1
5400000,2300000,0,0,1
250000,0,2000000,0,1
250000,0,2600000,0,1
500000,470000,0,0,1
1000000,1005999,0,1,1
2300000,1900000,0,0,1
800000,180000,0,0,1
475000,307000,0,0,1
100000,600,0,0,1
750000,330600,0,0,1
300000,190000,0,0,1
1500000,320000,0,0,1
400000,185000,0,0,1
1000000,200000,0,0,1
3500000,0,0,0,1
2000000,580000,0,0,1
300000,29000,0,0,1
300000,20000,0,0,1
100000,48500,0,0,1
50000,0,800000,0,1
200000,20000,0,0,1
250000,3060,0,0,1
200000,0,0,0,1
1000000,0,0,0,1
2728480,2728480,0,0,1
500000,0,0,0,1
1000000,250000,3000000,0,1
350000,0,350000,0,1
250000,15000,0,0,1
250000,0,0,0,1
1750000,0,0,0,1
1250000,0,0,0,1
20000,0,0,0,1
500000,110000,0,0,1
2000000,0,0,0,1
2500000,695000,0,0,1
1500000,210000,0,0,1
1250000,612500,0,0,1
1650000,1170000,0,0,1
150000,0,0,0,1
5000000,4736000,0,0,1
500000,33000,0,0,1
2000000,1450000,0,0,1
800000,675000,0,0,1
400000,45000,0,0,1
100000,0,0,0,1
250000,2500,0,0,1
500000,0,0,0,1
1000000,296000,0,0,1
1200000,170000,0,0,1
500000,86000,0,0,1
400000,200000,0,0,1
500000,100000,3000000,0,1
500000,458500,3000000,0,1
1500000,300000,0,0,1
750000,250000,0,0,1
80000,0,0,0,1
30000000,9275000,0,0,1
5000000,1225000,0,0,1
500000,45000,0,0,1
100000,81000,3000000,0,1
100000,0,0,0,1
560000,215000,0,0,1
650000,0,1950000,0,1
600000,0,0,0,1
4000000,0,0,0,1
30000000,25000000,0,0,1
600000,0,6000000,0,1
250000,250000,0,0,2
880000,1669000,10000000,1,1
75000,0,2000,0,1
800000,0,4500000,0,1
500000,0,0,0,1
100000,0,800000,0,1
750000,250000,0,0,1
150000,5000,0,0,1
500000,0,0,0,1
1500000,400000,0,0,1
100000000,100000,0,0,1
500000,0,0,0,1
500000,0,0,0,1
300000,0,0,0,1
2000000,1000000,0,0,1
70000,5000,0,0,1
75000,0,450000,0,1
5000000,45000,0,0,1
4000000,50000,0,0,1
500000,50000,0,0,1
500000,145000,0,0,1
500000,200000,0,0,1
50000,0,100000,0,1
1500000,910000,0,0,1
500000,500000,0,0,1
500000,10000,0,0,1
10000000,0,0,0,1
5000000,0,0,0,1
2500000,825000,6500000,0,1
2000000,0,10000000,0,1
1000000,125000,0,0,1
100000,0,10000,0,1
2000000,500000,0,0,1
100000,0,0,0,1
250000,150000,0,0,1
150000000,0,0,0,1
12000000,0,0,0,1
50000,44000,5000000,0,1
125000,0,1000000,0,1
150000,0,0,0,1
250000,0,0,0,1
200000,0,8000000,0,1
10000,0,0,0,1
50000,0,700000,0,1
800000,0,0,0,1
2000000,0,5000000,0,1
50000,0,2000000,0,1
325000,221480,0,0,1
5000000,0,2147483647,0,1
50000,0,0,0,1
1000000,0,10000000,0,1
10000,1000,0,0,1
25000,0,0,0,1
3400000,2935000,0,0,1
1950000,850000,0,0,1
100000,0,0,0,1
500000,0,2000000,0,1
900000,490000,0,0,1
500000,130000,0,0,1
500000,0,0,0,1
400000,0,0,0,1
250000,5000,0,0,1
250000,0,0,0,1
2000000,0,0,0,1
500000,139000,6670000,0,1
5000000,550000,0,0,1
200000,0,2000000,0,1
100000,0,0,0,1
1500000,100000,0,0,1
3500000,0,0,0,1
1000000,0,0,0,1
3640000,3640000,0,0,1
550000,550000,0,0,2
85000,1200,0,0,1
500000,0,0,0,1
1500000,180000,8000000,0,1
250000,0,0,0,1
1000000,1000000,0,0,1
600000,50500,0,0,1
1000000,0,0,0,1
300000,0,3000000,0,1
500000,0,0,0,1
500000,0,0,0,1
500000,0,0,0,1
144000,144000,0,0,2
135000,135000,0,0,2
275000,0,0,0,1
500000,0,0,0,1
2000000,0,0,0,1
4000000,0,0,0,1
2500000,450000,0,0,1
25000,0,0,0,1
200000,0,0,0,1
400000,0,0,0,1
25000,0,500000,0,1
250000,0,1000000,0,1
350000,0,0,0,1
350000,0,0,0,1
500000,0,0,0,1
20000,0,1000000,0,1
250000,2000,0,0,1
1000000,150000,5500000,0,1
3000000,1250000,0,0,1
2000000,0,0,0,1
5000000,0,0,0,1
250000,250000,0,0,1
750000,0,5000000,0,1
7000000,500,0,0,1
30000,0,0,0,1
25000,1500,0,0,1
150000,2000,0,0,1
5000000,190000,0,0,1
1000000,0,0,0,1
10000000,0,20000000,0,1
500000,0,0,0,1
5000000,0,0,0,1
1000000,0,0,0,1
5000000,0,0,0,1
900000,639000,0,0,1
650000,525000,1850000,0,1
150000000,2000000,0,0,1
1000000,100000,0,0,1
20000,0,1500000,0,1
1360000,120000,0,0,1
100000,87500,0,0,1
250000,201000,0,0,1
500000,0,0,0,1
230000,0,0,0,1
500000,0,2000000,0,1
260000,0,0,0,1
30000000,99000,0,0,1
100000,100000,0,0,2
1400000,150000,0,0,1
1000000,2000,0,0,1
750000,125000,0,0,1
250000,5000,0,0,1
500000,18888,0,0,1
50000,0,0,0,1
4000000,1289616,0,0,1
3000000,250000,0,0,1
500000,0,0,0,1
750000,0,0,0,1
30000,8000,0,0,1
1000000,0,0,0,1
25000,100,0,0,1
250000,10000,0,0,1
6000000,0,0,0,1
2800000,0,0,0,1
1500000,0,0,0,1
500000,800000,0,1,1
2000000,340000,0,0,1
3000000,0,7000000,0,1
140000,140000,0,0,2
250000,16500,0,0,1
500000,0,0,0,1
250000,90000,0,0,1
925000,425000,8000000,0,1
1100000,1025000,5200000,0,1
152000,152000,0,0,2
1000000,650000,0,0,1
10000000,0,0,0,1
380000,210000,0,0,1
150000,0,0,0,1
1200000,200000,0,0,1
1100000,100000,0,0,1
75000,0,0,0,1
750000,100000,0,0,1
1000000,500000,0,0,1
250000,32000,0,0,1
450000,245000,0,0,1
50000,0,0,0,1
2047740,0,0,0,1
2500000,260000,0,0,1
21200000,20000000,0,0,1
200000,0,0,0,1
500000,0,0,0,1
500000,0,0,0,1
250000,0,0,0,1
300000,20000,0,0,1
1000000,0,0,0,1
500000,10000,0,0,1
250000,0,1500000,0,1
300000,0,4000000,0,1
500000,0,0,0,1
100000,100000,0,0,2
1000000,0,0,0,1
1000000,420000,5000000,0,1
250000,0,1000000,0,1
400000,55000,0,0,1
500000,0,4000000,0,1
500000,16000,0,0,1
50000,0,0,0,1
300000,0,0,0,1
1500000,500000,0,0,1
10000,0,0,0,1
50000,500,0,0,1
2000000,300,0,0,1
1000000,0,0,0,1
500000,30000,0,0,1
250000,0,0,0,1
500000,0,0,0,1
300000,405000,7000000,1,1
150000,0,0,0,1
500000,50000,6000000,0,1
200000,80000,0,0,1
5000000,0,0,0,1
500000,10000,0,0,1
660000,660000,0,0,2
500000,25000,0,0,1
275000,275000,0,0,1
85000,0,0,0,1
500000,167000,0,0,1
250000,0,0,0,1
675000,15000,0,0,1
1380000,800000,0,0,1
1500000,310000,0,0,1
1900000,950000,0,0,1
200000,192001,2000000,0,1
100000,75000,0,0,1
900000,123500,3500000,0,1
550000,0,0,0,1
500000,35000,0,0,1
1600000,20000,0,0,1
600000,3000,0,0,1
70000,0,0,0,1
340000,140000,0,0,1
300000,0,0,0,1
500000,0,2000000,0,1
400000,50000,2500000,0,1
100000,0,0,0,1
500000,0,0,0,1
500000,0,0,0,1
500000,0,0,0,1
1000000,550000,10000000,0,1
4000000,5978000,0,1,1
50000,0,3000000,0,1
100000,0,2000000,0,1
500000,50000,0,0,1
100000,0,0,0,1
15000,0,0,0,1
300000,0,900000,0,1
250000,0,1800000,0,1
1000000,150000,10000000,0,1
25000,200,0,0,1
750000,0,0,0,1
200000,0,1500000,0,1
600000,395000,2500000,0,1
1000000,720000,0,0,1
2000000,325000,0,0,1
300000,237500,3500000,0,1
100000,0,0,0,1
700000,739123,3500000,1,1
1000000,1815000,0,1,1
500000,0,0,0,1
750000,0,0,0,1
7000000,7000000,0,0,1
500000,300000,0,0,1
500000,65000,0,0,1
900000,0,3800000,0,1
1000000,0,0,0,1
500000,125000,3000000,0,1
500000,150000,0,0,1
300000,0,0,0,1
60000,5000,0,0,1
375000,0,0,0,1
5225000,5065000,0,0,1
5225000,5035000,0,0,1
500000,15000,0,0,1
1000000,50000,0,0,1
750000,25000,5000000,0,1
250000,0,0,0,1
1900000,0,0,0,1
300000,50,0,0,1
100000,200000,150000,1,1
15000000,8000000,0,0,1
118000,118000,0,0,2
50000,15000,0,0,1
1500000,0,6000000,0,1
5000000,0,0,0,1
160000,10000,0,0,1
8000000,0,0,0,1
450000,0,2550000,0,1
1500000,2100000,0,1,1
3000000,14700,0,0,1
1100000,110000,0,0,1
1000000,200000,0,0,1
500000,190000,0,0,1
1000000,410000,0,0,1
750000,380000,0,0,1
500000,225000,0,0,1
10001,3000,0,0,1
2000000,1415000,0,0,1
2500000,1380000,0,0,1
2450000,2125000,0,0,1
1400000,1132000,0,0,1
1500000,0,0,0,1
1000000,0,0,0,1
195000,195000,0,0,2
1000000,0,0,0,1
700000,450000,5000000,0,1
1200000,0,0,0,1
125000,0,0,0,1
5000000,0,0,0,1
250000,0,1875000,0,1
150000,0,25000000,0,1
375000,0,0,0,1
30000,0,0,0,1
500000,0,0,0,1
250000,0,0,0,1
500000,0,0,0,1
1000000,0,0,0,1
300000,0,0,0,1
500000,0,0,0,1
300000,0,0,0,1
125000,125000,0,0,2
5000000,0,0,0,1
25000,15000,0,0,1
200000,20454,0,0,1
500000,608000,0,1,1
1200000,0,0,0,1
500000,382000,0,0,1
1300000,0,5000000,0,1
3000000,0,0,0,1
17500000,12525000,0,0,1
500000,0,0,0,1
500000,500,0,0,1
500000,0,0,0,1
250000,25000,25000000,0,1
100000,15000,0,0,1
75000,0,0,0,1
9000000,250000,0,0,1
500000,0,0,0,1
1200000,75000,0,0,1
400000,250000,8000000,0,1
500000,25000,3500000,0,1
336000,336000,0,0,2
1000000,100000,0,0,1
150000,7000,0,0,1
500000,0,0,0,1
500000,0,5000000,0,1
900000,0,0,0,1
1000000,868985,4000000,0,1
500000,75000,0,0,1
25000000,17000000,0,0,1
19700000,85000,0,0,1
250000,0,0,0,1
250000,5000,0,0,1
500000,0,0,0,1
25000,0,0,0,1
9000000,3000000,0,0,1
130000,130000,0,0,2
500000,0,3000000,0,1
750000,0,0,0,1
150000,70000,0,0,1
1000000,1005000,6500000,1,1
850000,283500,0,0,1
25000,0,0,0,1
2500000,0,0,0,1
500000,0,0,0,1
5000000,0,0,0,1
160000,60000,0,0,1
600000,0,0,0,1
400000,605000,6000000,1,1
500000,0,0,0,1
500000,310000,0,0,1
2500000,2050000,0,0,1
250000,0,0,0,1
500000,200000,0,0,1
5000000,0,0,0,1
10000,0,0,0,1
150000,0,0,0,1
500000,187500,6000000,0,1
250000,0,0,0,1
2375000,0,0,0,1
250000,0,0,0,1
275000,0,0,0,1
20000000,0,0,0,1
2500000,0,10000000,0,1
105000,105000,0,0,2
12000000,0,0,0,1
155000,155000,0,0,2
2500000,0,0,0,1
500000,0,0,0,1
5000000,250000,0,0,1
500000,0,0,0,1
100000,5000,0,0,1
2000000,4000,0,0,1
2000000,1691000,7000000,0,1
100000,0,0,0,1
30000,0,0,0,1
12000000,500000,0,0,1
115000,115000,0,0,2
3500000,0,48000000,0,1
7500000,0,0,0,1
75000,0,0,0,1
6000000,0,0,0,1
10000000,0,7000000,0,1
1800000,0,0,0,1
3000000,0,0,0,1
2500000,3400000,0,1,1
450000,0,0,0,1
500000,0,0,0,1
500000,100000,0,0,1
450000,0,3500000,0,1
1500000,150000,0,0,1
50000,0,0,0,1
2000000,10000,0,0,1
500000,283000,0,0,1
900000,900000,0,0,1
4862700,4862700,0,0,1
300000,0,0,0,1
10000,0,0,0,1
2500000,100000,0,0,1
250000,100000,0,0,1
500000,0,0,0,1
2200000,0,0,0,1
500000,0,0,0,1
2400000,235000,0,0,1
250000,0,0,0,1
3000000,3000000,0,0,1
5000000,0,0,0,1
400000,0,0,0,1
500000,0,0,0,1
2000000,0,0,0,1
100000,0,0,0,1
21000000,0,0,0,1
3500000,4148003,56500000,1,1
1000000,60500,0,0,1
315000,100000,0,0,1
6900000,4025000,0,0,1
2000000,0,0,0,1
2100000,826500,0,0,1
10000000,10000000,0,0,1
500000,415000,0,0,1
250000,0,0,0,1
500000,0,0,0,1
315000,10000,0,0,1
3000000,500000,0,0,1
500000,0,0,0,1
2070000,0,0,0,1
3000000,0,0,0,1
10000,0,0,0,1
500000,0,0,0,1
108000,108000,0,0,2
3000000,555000,0,0,1
100000,0,0,0,1
1500000,350000,0,0,1
1500000,1100000,4000000,0,1
500000,0,0,0,1
7500000,2500000,0,0,1
50000,0,0,0,1
250000,0,0,0,1
10000,0,0,0,1
500000,0,5000000,0,1
100000,100000,0,0,1
500000,0,0,0,1
400000,0,0,0,1
509200,382800,0,0,1
3500000,1400000,0,0,1
50000,0,0,0,1
500000,300000,0,0,1
700000,470000,0,0,1
500000,0,0,0,1
1500000,0,0,0,1
100000,8000,0,0,1
100000,30000,1000000,0,1
75000,0,0,0,1
1500000,0,0,0,1
500000,0,0,0,1
250000,0,0,0,1
130000,0,0,0,1
80000,42000,0,0,1
10000,232,0,0,1
50000,0,0,0,1
1000000,410000,10000000,0,1
500000,110000,4000000,0,1
1500000,1500000,0,0,1
100000,14238,0,0,1
750000,0,0,0,1
1000000,822480,0,0,1
1000000,0,7000000,0,1
1000000,0,0,0,1
10000000,0,0,0,1
2000000,0,0,0,1
1000000,50000,0,0,1
50000,100,0,0,1
1000000,0,0,0,1
10000000,0,0,0,1
30000000,2318506,0,0,1
1400000,0,0,0,1
350000,75000,0,0,1
320000,320000,0,0,2
212500,212500,0,0,2
1200000,767000,0,0,1
500000,0,0,0,1
20000000,500000,0,0,1
5000000,0,0,0,1
25000000,0,100000000,0,1
135000,135000,0,0,2
161000,161000,0,0,2
169000,169000,0,0,2
500000,0,0,0,1
5000000,0,0,0,1
2000000,2775000,20000000,1,1
10000000,1600000,50000000,0,1
150000,50000,0,0,1
250000,20000,0,0,1
250000,0,10000000,0,1
150000,0,0,0,1
500000,0,4000000,0,1
200000,200000,0,0,2
171000,171000,0,0,2
150000,35000,0,0,1
1000000,175000,0,0,1
5000000,10000,8000000,0,1
500000,80000,4000000,0,1
2000000,490000,0,0,1
5000000,250000,0,0,1
1000000,0,10000000,0,1
300000,0,0,0,1
5000000,0,25000000,0,1
7400000,0,0,0,1
10000,200,0,0,1
1000000,0,0,0,1
2820000,0,1000000,0,1
243000,243000,0,0,2
173000,173000,0,0,2
450000,325000,0,0,1
250000,0,0,0,1
1300000,0,0,0,1
1000000,0,0,0,1
112000,3000,412503,0,1
10000000,500000,0,0,1
250000,61500,833333,0,1
500000,0,0,0,1
165000,165000,0,0,2
345000,345000,0,0,2
250000,0,0,0,1
1650000,0,0,0,1
750000,400000,0,0,1
100000,10000,0,0,1
150000,4500,1500000,0,1
200000,10000,0,0,1
2000000,0,0,0,1
146000,146000,0,0,2
400000,150000,0,0,1
5000000,2200000,0,0,1
250000,0,3700000,0,1
70000,0,0,0,1
500000,332500,4000000,0,1
2000000,75000,39327120,0,1
2000000,75000,39327120,0,1
500000,0,14000000,0,1
100000,33000,0,0,1
2000000,0,0,0,1
1000000,0,0,0,1
5000000,100000,0,0,1
1000000,0,5000000,0,1
200000,100000,0,0,1
30000,600,0,0,1
5000000,2000000,0,0,1
500000,0,0,0,1
500000,0,0,0,1
840000,5000,0,0,1
5000000,500000,0,0,1
250000,100000,0,0,1
175000,0,0,0,1
650000,260000,0,0,1
500000,44000,4000000,0,1
50000,0,0,0,1
30000,1000,0,0,1
100000,0,0,0,1
500000,0,4500000,0,1
750000,200000,0,0,1
750000,150000,0,0,1
1000000,0,0,0,1
10000,3000,0,0,1
5000000,1200000,0,0,1
162000,162000,0,0,2
220000,0,0,0,1
38000000,38000000,0,0,1
186000,186000,0,0,2
500000,0,0,0,1
86500,10000,0,0,1
2000000,1280000,24000000,0,1
500000,0,10000000,0,1
250000,0,1500000,0,1
945000,367500,0,0,1
5000000,100000,0,0,1
2000000,215000,0,0,1
50000000,0,0,0,1
50000,0,0,0,1
2000000,0,0,0,1
400000,9500,6000000,0,1
250000,0,0,0,1
195000,195000,0,0,2
50000,0,0,0,1
100000,0,0,0,1
600000,498000,7000000,0,1
1000000,0,0,0,1
75000,0,0,0,1
1400000,0,3800000,0,1
1250000,0,0,0,1
350000,0,3000000,0,1
1000000,0,0,0,1
160000,0,0,0,1
146000,146000,0,0,2
100000,100000,0,0,2
210000,210000,0,0,2
80000,0,0,0,1
100000,0,0,0,1
150000,100000,0,0,1
550000,200000,0,0,1
4000000,2000000,0,0,1
375000,150000,0,0,1
400000,0,0,0,1
12000000,12000000,0,0,1
500000,0,0,0,1
500000,10000,7057000,0,1
500000,150000,0,0,1
250000,60000,0,0,1
15000,0,0,0,1
176000,176000,0,0,2
188000,188000,0,0,2
950000,0,0,0,1
900000,400000,0,0,1
2500000,85000,0,0,1
3500000,2100000,0,0,1
750000,200000,0,0,1
700000,0,0,0,1
250000,0,0,0,1
100000,0,0,0,1
1600000,1607950,7000000,1,1
1600000,1607950,7000000,1,1
500000,50000,0,0,1
500000,50000,0,0,1
300000,0,0,0,1
600000,0,0,0,1
196000,196000,0,0,2
160000,160000,0,0,2
350000,0,0,0,1
4800000,650000,0,0,1
1500000,0,0,0,1
200000,6000,0,0,1
750000,480000,0,0,1
1000000,90000,3000000,0,1
1000000,22000,1000000,0,1
500000,20000,0,0,1
400000,250000,0,0,1
3500000,695000,35000000,0,1
200000,1000,6000000,0,1
500000,210000,0,0,1
1200000,0,15000000,0,1
350000,0,0,0,1
100000,0,0,0,1
800000,0,0,0,1
2000000,5000,0,0,1
1000000,0,0,0,1
10000000,105000,0,0,1
2000000,626000,33000000,0,1
500000,200000,0,0,1
116000,116000,0,0,2
110000,110000,0,0,2
1750000,0,0,0,1
5000000,75000,20000000,0,1
1500000,0,0,0,1
645000,582000,0,0,1
50000,0,0,0,1
750000,0,0,0,1
225000,28705,0,0,1
285000,100000,0,0,1
200000,0,0,0,1
498000,0,0,0,1
20000,0,0,0,1
100000,100000,0,0,2
200000,339000,0,1,2
300000,140000,0,0,1
1500000,610000,0,0,1
75000,65000,0,0,1
500000,20000,0,0,1
350000,341500,6000000,0,1
50000,0,0,0,1
800000,25000,0,0,1
250000,0,1000000,0,1
5000000,500000,20000000,0,1
1000000,880000,0,0,2
4480000,2180600,0,0,3
1000000,360000,0,0,2
1680000,1725700,0,1,3
700000,200000,0,0,1
100000,0,0,0,1
1000000,0,0,0,1
1000000,200000,0,0,1
500000,0,0,0,1
640000,0,0,0,1
180000,180000,0,0,2
131000,131000,0,0,2
5000000,10000,0,0,1
10000,0,0,0,1
1000000,0,8000000,0,1
10000000,80000,0,0,1
1500000,75000,5000000,0,1
500000,0,5000000,0,1
500000,455000,0,0,1
1300000,884301,0,0,2
25000,2500,0,0,1
250000,326000,0,1,1
30000,0,0,0,1
1000000,10000,0,0,1
6000000,0,100000000,0,1
1000000,1300000,0,1,1
5000000,0,0,0,1
1250000,650000,0,0,1
86500,0,0,0,1
120000,120000,0,0,2
3000000,2886000,15000000,0,1
100000,0,0,0,1
650000,907648,0,1,3
300000,0,0,0,1
800000,0,0,0,1
180000,0,0,0,1
250000,0,0,0,1
500000,50000,28000000,0,1
10000000,4458500,0,0,1
9999900,2100000,0,0,1
15000,0,0,0,1
450000,0,0,0,1
3500000,1967600,0,0,1
250000,0,0,0,1
250000,0,0,0,1
150000,150000,0,0,2
150000,60000,0,0,1
3000000,4185000,0,1,1
500000,0,0,0,1
175000,20000,0,0,1
125000,5000,0,0,1
500000,610000,0,1,1
2000000,2000,0,0,1
5000000,6000000,0,1,1
2000000,320000,10000000,0,1
475000,0,4275000,0,1
100000,500,0,0,1
750000,80000,6000000,0,1
500000,0,2500000,0,1
50000,0,0,0,1
150000,0,0,0,1
250000,0,0,0,1
3500000,0,0,0,1
135000,0,0,0,1
750000,0,0,0,1
2249000,0,0,0,1
11500000,10250000,0,0,1
8000000,430000,0,0,1
190000,0,0,0,1
3500000,0,0,0,1
1000000,1004000,0,1,3
500000,0,0,0,1
181000,325000,0,1,2
175000,300000,0,1,2
500000,0,0,0,1
2000000,0,0,0,1
25000000,0,0,0,1
200000,50000,0,0,1
500000,0,0,0,1
5000000,1200000,0,0,1
500000,0,0,0,1
2000000,0,0,0,1
500000,0,0,0,1
1000000,0,0,0,1
50000,0,0,0,1
150000,550000,0,1,1
2500000,0,0,0,1
250000,20000,0,0,1
250000,20000,0,0,1
500000,1000,0,0,1
10000,0,0,0,1
500000,0,0,0,1
250000,0,0,0,1
300000000,1500000,0,0,1
1100000,0,0,0,1
507000,527000,0,1,2
3000000,5000,0,0,1
5000000,0,0,0,1
1000000,100000,0,0,1
2800000,21000,0,0,1
120000,0,0,0,1
100000,0,0,0,1
500000,800000,0,1,1
400000,30000,0,0,1
400000,650000,0,1,1
3500000,80,0,0,1
400000,30000,0,0,1
20000,0,0,0,1
25000,1500,0,0,1
1000000,20000,0,0,1
1000000,0,0,0,1
750000,0,0,0,1
25000,0,0,0,1
1200000,0,0,0,1
500000,0,0,0,1
80000,15000,0,0,1
25000000,0,0,0,1
1000000,0,0,0,1
500000,0,0,0,1
100000,0,0,0,1
2000000,600000,0,0,1
25000,0,0,0,1
1000000,0,0,0,1
1000000,225000,9000000,0,1
350000,0,1750000,0,1
1000000,735000,15000000,0,1
250000,50000,2000000,0,1
7500000,0,0,0,1
300000,0,0,0,1
0,117000,0,1,2
1000000,0,0,0,1
5000000,0,0,0,1
1200000,610000,0,0,1
600000,0,0,0,1
30000,0,200000,0,1
1250000,250000,0,0,1
450000,0,0,0,1
450000,450000,0,0,2
2000000,0,0,0,1
500000,25000,0,0,1
500000,150000,0,0,1
500000,25000,0,0,1
100000,0,0,0,1
172000,172000,0,0,2
182000,187000,0,1,2
174000,174000,0,0,2
2000000,977000,28000000,0,1
1000000,100000,0,0,1
1000000,0,0,0,1
500000,40000,0,0,1
3000000,400000,0,0,1
1700000,282500,0,0,1
125000,0,5000000,0,1
500000,0,30000,0,1
850000,350000,6050000,0,1
3100000,996000,0,0,1
1000000,620000,32000000,0,1
75000,0,0,0,1
1200000,82800,3000000,0,1
250000,79900,2000000,0,1
250000,79900,2000000,0,1
750000,0,0,0,1
500000,0,3000000,0,1
355000,15000,0,0,1
3000000,627000,3000000,0,1
250000,0,0,0,1
175000,0,0,0,1
1500000,2556561,8000000,1,1
60000,0,0,0,1
179000,179000,0,0,2
200000,200000,0,0,2
460000,460000,0,0,2
237000,237000,0,0,2
182000,182000,0,0,2
495000,495000,0,0,2
106000000,12600000,0,0,1
2000000,0,0,0,1
160000,160000,0,0,2
322000,322000,0,0,2
278000,283000,0,1,2
150000,0,0,0,1
1000000,950000,8000000,0,1
1890000,2446000,0,1,2
2000000,0,0,0,1
500000,0,0,0,1
167000,167000,0,0,2
30000000,0,0,0,1
300000,0,0,0,1
675000,67500,0,0,1
250000,0,0,0,1
264000,264000,0,0,2
200000,0,0,0,1
1000000,197500,4000000,0,1
300000,127000,7015000,0,1
2240000,1767000,0,0,3
45000,0,0,0,1
250000,0,0,0,1
100000,100000,0,0,2
324000,324000,0,0,2
250000,0,0,0,1
157500,159000,0,1,2
3000000,250000,10000000,0,1
5000000,1306000,0,0,1
750000,5000,0,0,1
200000,0,3000000,0,1
2500000,820000,0,0,1
2500000,820000,0,0,1
30000000,0,0,0,1
500000,200000,0,0,1
250540,262000,0,1,2
304000,677200,0,1,2
500000,25000,1500000,0,1
300000,10000,2000000,0,1
280000,0,0,0,1
350000,5000,0,0,1
250000,45000,0,0,1
700000,270000,4000000,0,1
171000,176000,0,1,2
560000,877498,21000000,1,3
112000,112000,0,0,2
250000,0,0,0,1
500000,0,0,0,1
1000000,0,12000000,0,1
400000,140000,0,0,1
3000000,0,0,0,1
8000000,800000,0,0,1
4500000,2530000,4500000,0,1
500000,0,0,0,1
192000,197000,0,1,2
10000000,10000000,0,0,1
152000,152000,0,0,2
3000000,300000,17000000,0,1
3000000,300000,17000000,0,1
160000,160000,0,0,2
2500000,105000,14500000,0,1
2500000,100000,0,0,1
10000000,0,36000000,0,1
180000,230000,0,1,2
160000,222500,0,1,2
1500000,675000,10000000,0,1
300000,5000,0,0,1
750000,0,4000000,0,1
152000,152000,0,0,2
750000,761000,0,1,2
200000,25000,0,0,1
2500000,4752166,0,1,1
2500000,4752166,0,1,1
440000,440000,0,0,2
116000,116000,0,0,2
20000,5000,0,0,1
285000,285000,0,0,2
170000,170000,0,0,2
500000,50000,5000000,0,1
1000000,0,0,0,1
1747000,3261500,0,1,2
100000,0,0,0,1
378000,383000,0,1,2
100000,100000,0,0,2
159000,159000,0,0,2
450000,0,209000,0,1
2500000,0,15000000,0,1
3000000,406000,12000000,0,1
1000000,120000,0,0,1
930000,940000,0,1,2
600000,225000,7000000,0,1
296800,316800,0,1,2
3000000,0,0,0,1
3000000,1600000,0,0,1
230000,230000,0,0,2
220000,230000,0,1,2
250000,50000,2000000,0,1
10000000,0,0,0,1
40000000,0,425000000,0,1
333750,338750,0,1,2
3200000,3200000,0,0,2
5700000,500000,18000000,0,1
223000,223000,0,0,2
412500,422500,0,1,2
1120000,1481378,9200000,1,3
500000,0,0,0,1
185000,210000,0,1,2
400000,3000,1300000,0,1
6000000,0,0,0,1
250000,0,0,0,1
1921000,1988544,0,1,2
250000,0,0,0,1
2000000,0,10000000,0,1
500000,75000,1667000,0,1
500000,75000,1667000,0,1
1250000,673000,0,0,1
2300000,210000,8000000,0,1
100000,1000,0,0,1
200000,0,2000000,0,1
621000,621000,0,0,2
200000,0,0,0,1
400000,0,6400000,0,1
2000000,0,0,0,1
1500000,400000,0,0,1
1250000,100000,0,0,1
488000,493000,0,1,2
460800,460800,0,0,2
868000,873000,0,1,2
300000,0,500000,0,1
3000000,0,0,0,1
2000000,500000,0,0,1
20000000,20000000,0,0,1
842188,0,8200000,0,1
113000,113000,0,0,2
1500000,525000,16000000,0,1
981000,976000,0,0,2
1200000,0,0,0,1
200000,220000,0,1,2
250000,0,1000000,0,1
480000,480000,0,0,2
314000,329000,0,1,2
600000,350000,0,0,1
1000000,260000,12000000,0,2
1000000,260000,12000000,0,2
1400000,1561500,0,1,2
1500000,1516000,5000000,1,2
750000,100000,5500000,0,2
1000000,90000,4000000,0,1
330000,330000,0,0,2
2250000,0,0,0,1
2500000,0,10000000,0,1
250000,10000,1000000,0,1
239000,244000,0,1,2
436500,436500,0,0,2
560000,592500,0,1,3
251250,256250,0,1,2
143000,148000,0,1,2
157000,157000,0,0,2
1000000,0,5000000,0,1
300000,305000,0,1,2
252000,252000,0,0,2
634000,639000,0,1,2
264000,264000,0,0,2
974000,1034000,0,1,2
125000,125000,0,0,2
75750,75750,0,0,2
11000000,1000000,0,0,1
158000,208000,0,1,2
131000,181000,0,1,2
900000,52000,0,0,1
500000,0,0,0,1
250000,0,0,0,1
157000,157000,0,0,2
1000000,1098500,0,1,2
1000000,0,0,0,1
500000,576100,0,1,2
285000,285000,0,0,2
1000000,0,0,0,1
500000,503500,0,1,2
500000,0,100000,0,1
110000,110000,0,0,2
